time,latitude,longitude,depth,mag,magType,nst,gap,dmin,rms,net,id,updated,place,type,horizontalError,depthError,magError,magNst,status,locationSource,magSource
2019-12-13T20:08:21.794Z,41.8758,-126.9856,10,3.2,ml,,203,2.082,0.72,us,us70006nru,2020-01-15T19:38:05.040Z,"220km WSW of Gold Beach, Oregon",earthquake,9.5,2,0.043,71,reviewed,us,us
2019-07-03T13:17:24.430Z,41.3181667,-126.7893333,9.62,3.12,md,15,306,2.04,0.13,nc,nc73205546,2019-07-04T04:06:02.447Z,"221km WSW of Crescent City, CA",earthquake,1.25,31.61,0.186,23,reviewed,nc,nc
2019-05-17T17:08:01.548Z,40.6735,-127.1801,12.66,3.3,ml,,254,2.174,0.67,us,us70003mn1,2019-08-07T22:03:45.040Z,"246km W of Ferndale, California",earthquake,5.9,9.4,0.045,64,reviewed,us,us
2019-05-09T07:14:43.195Z,40.6272,-127.3873,10,3.1,ml,,265,2.328,0.7,us,us70003iqs,2019-08-01T17:15:06.040Z,"264km W of Ferndale, California",earthquake,9.4,2,0.051,50,reviewed,us,us
2019-05-05T07:05:29.817Z,40.6774,-126.7318,10,3.1,ml,,260,2.006,0.63,us,us70003gxp,2019-07-25T18:54:20.040Z,"209km W of Ferndale, California",earthquake,5.4,2,0.047,60,reviewed,us,us
2019-05-05T06:46:57.006Z,40.6203,-127.3338,10,5,mww,,252,2.287,0.69,us,us70003gxb,2020-02-23T06:57:20.337Z,"259km W of Ferndale, California",earthquake,8.8,2,0.033,86,reviewed,us,us
2019-01-25T01:40:58.950Z,40.6224,-127.3185,10,3,ml,,267,2.276,1.1,us,us2000j8m6,2019-04-12T17:14:48.040Z,"258km W of Ferndale, California",earthquake,4.8,2,0.052,48,reviewed,us,us
2018-12-11T13:34:03.540Z,42.2724,-126.9069,10,3.1,ml,,273,1.991,0.29,us,us2000iuq2,2019-02-16T22:29:04.040Z,"204km WSW of Port Orford, Oregon",earthquake,11.3,2,0.052,48,reviewed,us,us
2018-12-11T06:33:56.860Z,42.3517,-126.5191,10,3,ml,,295,1.707,0.6,us,us2000isfp,2019-02-16T22:29:04.040Z,"171km WSW of Port Orford, Oregon",earthquake,10.2,2,0.062,34,reviewed,us,us
2018-11-16T10:44:58.850Z,42.3344,-126.8885,10,4.3,mb,,185,1.979,1.32,us,us1000hsnv,2019-01-30T18:36:25.040Z,"201km WSW of Port Orford, Oregon",earthquake,5.9,2,0.081,66,reviewed,us,us
2018-11-16T06:41:39.960Z,42.3724,-126.4818,10,3.8,mb,,212,1.681,0.82,us,us1000hske,2019-01-30T18:36:25.040Z,"168km WSW of Port Orford, Oregon",earthquake,7.8,2,0.192,7,reviewed,us,us
2018-11-16T05:21:57.810Z,42.3753,-126.6854,10,4.5,mb,,184,1.831,1.2,us,us1000hsji,2019-01-30T18:36:24.040Z,"184km WSW of Port Orford, Oregon",earthquake,6.8,1.9,0.089,37,reviewed,us,us
2018-11-16T05:19:19.360Z,42.263,-126.8955,10,4.1,mb,,200,1.983,0.72,us,us1000hsjg,2019-01-30T18:36:24.040Z,"204km W of Gold Beach, Oregon",earthquake,8.5,2,0.12,19,reviewed,us,us
2018-11-16T05:10:00.130Z,42.2852,-126.6826,10,3.9,mb,,214,1.825,0.94,us,us1000hsj9,2019-01-30T18:36:24.040Z,"186km W of Gold Beach, Oregon",earthquake,8.6,2,0.171,9,reviewed,us,us
2018-10-31T05:17:22.920Z,42.3895,-126.8077,10,2.9,ml,,303,1.923,0.85,us,us2000i4f4,2019-01-21T14:29:40.040Z,"193km W of Port Orford, Oregon",earthquake,5.1,2,0.057,40,reviewed,us,us
2018-08-25T15:27:00.700Z,42.9752,-126.4737,10,3.1,ml,,236,1.826,0.75,us,us1000gh9g,2018-11-01T17:50:58.040Z,"163km W of Port Orford, Oregon",earthquake,9,2,0.043,72,reviewed,us,us
2018-08-05T20:31:46.320Z,42.4194,-126.4232,10,2.6,ml,,239,1.642,0.65,us,us1000g3x7,2018-10-16T15:34:13.040Z,"162km WSW of Port Orford, Oregon",earthquake,4.7,2,0.046,62,reviewed,us,us
2018-07-24T18:57:16.900Z,42.0333,-126.6122,10,3.6,mb,,248,1.784,1.23,us,us2000gf7p,2018-10-09T16:43:29.040Z,"185km WSW of Gold Beach, Oregon",earthquake,9,2,0.25,5,reviewed,us,us
2018-07-24T18:56:36.860Z,42.0187,-127.9909,10,3.1,ml,,292,2.807,1.39,us,us2000gcx4,2018-10-09T16:43:29.040Z,"297km W of Gold Beach, Oregon",earthquake,5.6,2,0.052,48,reviewed,us,us
2018-07-24T17:52:03.680Z,41.7859,-126.8617,10,3.1,ml,,234,2.01,0.64,us,us2000gcw2,2018-10-09T16:43:29.040Z,"213km WSW of Gold Beach, Oregon",earthquake,8.5,2,0.043,70,reviewed,us,us
2018-07-24T17:22:34.740Z,41.7482,-126.9917,10,4.9,mww,,174,2.113,1.05,us,us2000gcvi,2018-10-09T16:43:29.040Z,"224km WSW of Gold Beach, Oregon",earthquake,6.3,1.7,0.046,46,reviewed,us,us
2018-07-24T16:35:34.710Z,41.6185,-127.0043,10,2.9,ml,,261,2.156,0.7,us,us2000gf7k,2018-10-09T16:43:29.040Z,"231km W of Brookings, Oregon",earthquake,11.3,2,0.055,44,reviewed,us,us
2018-07-24T16:00:17.500Z,41.6762,-126.809,10.87,2.8,ml,,282,2,0.29,us,us2000gcs3,2018-10-09T16:43:29.040Z,"213km W of Brookings, Oregon",earthquake,12.1,10.5,0.053,46,reviewed,us,us
2018-07-24T14:44:52.570Z,41.8105,-126.8616,10,5.6,mww,,108,2.004,0.65,us,us2000gcpa,2018-10-09T16:43:29.040Z,"212km WSW of Gold Beach, Oregon",earthquake,8,1.8,0.032,93,reviewed,us,us
2018-07-24T14:42:04.220Z,41.8083,-126.7405,10,4.3,mb,,207,1.916,0.91,us,us2000gcpe,2018-10-09T16:43:29.040Z,"202km WSW of Gold Beach, Oregon",earthquake,8.3,2,0.161,11,reviewed,us,us
2018-07-24T14:38:30.470Z,41.8129,-126.7034,10,3.2,ml,,261,1.888,0.79,us,us2000gcnx,2018-10-09T16:43:29.040Z,"199km WSW of Gold Beach, Oregon",earthquake,9.5,2,0.049,54,reviewed,us,us
2018-07-24T14:35:43.410Z,41.7631,-126.6931,10,4.3,mb,,198,1.893,0.53,us,us2000gcnz,2018-10-09T16:43:29.040Z,"201km WSW of Gold Beach, Oregon",earthquake,3.4,2,0.089,36,reviewed,us,us
2018-07-24T14:33:26.060Z,41.7924,-126.7576,10,3.5,ml,,262,1.933,0.6,us,us2000gcnp,2018-10-09T16:43:29.040Z,"204km WSW of Gold Beach, Oregon",earthquake,9.4,2,0.043,70,reviewed,us,us
2018-07-24T14:28:15.680Z,41.8055,-126.6563,10,5.2,mww,,192,1.856,0.91,us,us2000gcng,2018-10-09T16:43:29.040Z,"196km WSW of Gold Beach, Oregon",earthquake,8.6,1.9,0.042,54,reviewed,us,us
2018-07-24T12:16:31.960Z,41.7122,-126.7798,10,4.9,mww,,193,1.969,0.91,us,us2000gck6,2018-10-09T16:43:29.040Z,"209km WSW of Gold Beach, Oregon",earthquake,6.7,2,0.039,62,reviewed,us,us
2018-06-10T11:05:41.460Z,40.717,-127.1391,11.24,2.9,ml,,257,2.146,0.73,us,us1000emnz,2018-08-29T16:36:38.040Z,"243km W of Ferndale, California",earthquake,9.4,9.3,0.048,56,reviewed,us,us
2018-05-15T23:39:24.330Z,41.9951,-126.8169,10,3.8,mb,,258,1.94,0.65,us,us1000e808,2018-08-15T19:46:52.040Z,"203km WSW of Gold Beach, Oregon",earthquake,6.4,2,0.18,8,reviewed,us,us
2018-05-14T08:44:25.750Z,40.6876,-127.0819,10,3.1,ml,,239,2.1,0.79,us,us1000e4k8,2018-08-15T19:46:49.040Z,"238km W of Ferndale, California",earthquake,5.5,2,0.048,58,reviewed,us,us
2018-05-12T17:19:27.070Z,41.4913,-127.006,8.38,3,ml,,244,2.198,0.91,us,us1000e75k,2018-08-08T15:22:16.040Z,"234km WSW of Brookings, Oregon",earthquake,4.1,9.3,0.049,54,reviewed,us,us
2018-03-02T12:28:55.830Z,42.4023,-126.3874,10,3.3,ml,,240,1.586,0.95,us,us1000d2b7,2018-05-27T01:06:09.040Z,"159km WSW of Port Orford, Oregon",earthquake,2.7,2,0.042,76,reviewed,us,us
2017-10-30T11:25:41.430Z,42.6349,-126.4711,10,2.9,ml,,259,1.591,1.34,us,us1000ayhg,2018-01-24T01:24:59.040Z,"162km W of Port Orford, Oregon",earthquake,9.7,2,0.048,56,reviewed,us,us
2017-10-18T01:30:10.460Z,41.1997,-127.1635,10,4.2,mb,,208,2.262,1.14,us,us1000atkm,2018-01-11T02:22:05.040Z,"253km WNW of Ferndale, California",earthquake,8,2,0.073,52,reviewed,us,us
2017-10-17T16:54:44.140Z,41.1741,-127.5145,8.45,2.8,ml,,243,2.635,0.36,us,us1000awm8,2018-01-11T02:22:05.040Z,"281km WNW of Ferndale, California",earthquake,4.6,9,0.066,30,reviewed,us,us
2017-10-17T15:22:13.910Z,41.277,-127.1684,8.48,2.8,ml,,277,2.375,0.22,us,us1000atbf,2018-01-11T02:22:04.040Z,"253km W of Crescent City, California",earthquake,12,9.6,0.056,42,reviewed,us,us
2017-10-17T15:20:19.170Z,41.2808,-126.977,10.55,2.8,ml,,293,2.157,0.33,us,us1000atbe,2018-01-11T02:22:04.040Z,"237km WSW of Crescent City, California",earthquake,7.9,10.1,0.059,38,reviewed,us,us
2017-10-17T15:12:40.190Z,41.226,-127.0948,9.59,2.7,ml,,291,2.221,0.42,us,us1000atbp,2018-01-11T02:22:04.040Z,"248km WSW of Crescent City, California",earthquake,9.1,9.8,0.064,32,reviewed,us,us
2017-10-17T14:58:45.970Z,41.2066,-127.44,8.71,2.9,ml,,282,2.464,0.35,us,us1000atay,2018-01-11T02:22:04.040Z,"276km WNW of Ferndale, California",earthquake,11.5,9.7,0.066,30,reviewed,us,us
2017-10-17T14:02:30.870Z,41.2886,-126.8083,7.23,2.5,ml,,296,2.041,0.82,us,us1000at9h,2018-01-11T02:22:04.040Z,"223km WSW of Crescent City, California",earthquake,7.2,10.3,0.077,22,reviewed,us,us
2017-10-15T19:37:07.100Z,41.8142,-126.7256,10.02,2.8,ml,,266,1.904,0.41,us,us1000ask7,2018-01-11T02:22:02.040Z,"201km WSW of Gold Beach, Oregon",earthquake,6.2,9.9,0.055,44,reviewed,us,us
2017-09-22T16:14:55.160Z,40.7072,-127.2508,13.58,3,ml,,266,2.23,0.65,us,us2000atfk,2017-12-19T01:54:12.040Z,"253km W of Ferndale, California",earthquake,11.2,10,0.059,38,reviewed,us,us
2017-09-08T15:31:27.580Z,40.6561667,-126.4015,4.61,2.76,md,18,311,1.583,0.21,nc,nc72888561,2017-09-13T05:28:03.208Z,"181km W of Ferndale, California",earthquake,13.98,18.65,0.122,15,reviewed,nc,nc
2017-08-16T21:09:33.390Z,41.4952,-126.9321,10,3.9,mb,,264,2.144,0.55,us,us2000a8x2,2017-11-14T01:42:11.040Z,"228km WSW of Brookings, Oregon",earthquake,6.7,2,0.21,6,reviewed,us,us
2017-06-17T16:20:24.370Z,41.8801,-126.7989,10.64,2.7,ml,,266,2.077,0.91,us,us20009na6,2017-08-18T23:13:32.040Z,"205km WSW of Gold Beach, Oregon",earthquake,8.2,10.1,0.057,40,reviewed,us,us
2017-03-27T09:19:56.100Z,41.8291,-126.8392,10,4.2,mwr,,177,2.219,1.31,us,us20008uz8,2017-06-16T23:07:58.040Z,"209km WSW of Gold Beach, Oregon",earthquake,6.7,1.9,0.049,40,reviewed,us,us
2017-03-12T22:31:59.450Z,40.6425,-127.2122,12.61,3.3,ml,,262,2.196,0.89,us,us100088ke,2017-06-07T00:33:37.040Z,"249km W of Ferndale, California",earthquake,10.5,9.8,0.06,36,reviewed,us,us
2017-03-07T08:48:09.330Z,40.8386667,-126.9733333,4.48,2.94,md,13,341,2.038,0.2,nc,nc72771311,2017-03-08T02:28:02.477Z,"230km W of Ferndale, California",earthquake,13.59,10.97,0.061,7,reviewed,nc,nc
2017-02-21T11:22:30.120Z,40.7985,-126.9908,10,4,mb,,209,2.044,0.83,us,us20008lnj,2017-05-17T01:19:34.040Z,"231km W of Ferndale, California",earthquake,7.8,2,0.108,23,reviewed,us,us
2017-01-10T15:43:57.290Z,42.3306,-126.7644,10,4.3,mb,,239,1.887,1.09,us,us10007vkw,2017-04-01T00:26:07.040Z,"191km WSW of Port Orford, Oregon",earthquake,11.4,2,0.376,2,reviewed,us,us
2017-01-06T08:48:34.730Z,42.4439,-126.7382,10,3.2,ml,,235,1.824,1.24,us,us10007rky,2017-03-27T23:53:24.040Z,"186km W of Port Orford, Oregon",earthquake,9.2,2,0.048,58,reviewed,us,us
2017-01-03T02:18:59.980Z,41.7504,-126.4755,10,3.2,ml,,247,1.739,0.71,us,us10007pdm,2017-03-27T23:53:19.040Z,"184km W of Brookings, Oregon",earthquake,8.2,2,0.05,52,reviewed,us,us
2016-12-22T03:42:49.840Z,41.0506,-127.1677,9.18,3.1,ml,,232,2.31,0.55,us,us10007nuh,2017-03-16T02:31:33.040Z,"250km WNW of Ferndale, California",earthquake,4.5,8.9,0.062,34,reviewed,us,us
2016-12-06T17:07:28.320Z,41.4364,-126.3567,10,4.3,mwr,,162,1.758,1.21,us,us10007f7c,2017-03-03T07:06:05.040Z,"183km W of Crescent City, California",earthquake,6,1.9,0.052,35,reviewed,us,us
2016-11-16T07:21:05.740Z,40.6401,-127.1228,9.54,3.2,md,,263,2.128,0.97,us,us100079t0,2017-02-11T07:23:47.020Z,"242km W of Ferndale, California",earthquake,10.7,8.3,0.19,27,reviewed,us,nc
2016-11-16T05:06:53.610Z,40.7005,-127.1354,12.59,3.2,ml,,266,2.142,0.66,us,us100078nr,2017-02-11T07:23:36.455Z,"243km W of Ferndale, California",earthquake,11.2,10.1,0.066,30,reviewed,us,us
2016-09-27T10:25:45.230Z,41.8124,-126.9099,10,2.8,ml,,272,2.039,1.16,us,us10006t4b,2016-12-14T03:17:53.040Z,"216km WSW of Gold Beach, Oregon",earthquake,6.5,2,0.052,48,reviewed,us,us
2016-09-25T07:42:07.130Z,41.8298333,-126.4246667,22.99,2.93,ml,22,282,1.68,0.14,nc,nc72702236,2017-02-11T01:34:42.849Z,"177km WSW of Gold Beach, Oregon",earthquake,3.77,31.61,0.159,11,reviewed,nc,nc
2016-09-08T15:00:47.860Z,43.0202,-126.3867,10,2.9,ml,,219,1.514,0.95,us,us10006n12,2016-12-03T02:54:49.040Z,"157km WNW of Port Orford, Oregon",earthquake,7.2,2,0.045,66,reviewed,us,us
2016-08-11T23:28:52.120Z,41.6399,-127.0412,9.48,3,ml,,245,2.177,0.76,us,us10006d4x,2016-10-26T03:10:26.040Z,"233km W of Brookings, Oregon",earthquake,10.4,9.1,0.049,54,reviewed,us,us
2016-07-10T01:51:48.760Z,40.8068333,-126.97,4.57,2.81,md,11,341,2.028,0.12,nc,nc72659916,2017-02-10T16:07:28.774Z,"230km W of Ferndale, California",earthquake,9.71,8.01,0.055,7,reviewed,nc,nc
2016-06-18T13:26:14.190Z,40.6485,-126.8238333,4.63,2.88,md,17,314,1.9,0.18,nc,nc72652641,2017-02-10T14:33:42.323Z,"216km W of Ferndale, California",earthquake,6.01,31.61,0.115,12,reviewed,nc,nc
2016-06-13T14:27:43.960Z,42.0045,-126.528,4.82,2.56,ml,17,311,1.63,0.67,uw,uw61167456,2016-08-01T17:50:17.660Z,off the coast of Oregon,earthquake,3.57,31.61,0.176,3,reviewed,uw,uw
2016-05-12T20:30:46.690Z,42.4276,-127.2403,10,2.7,ml,,279,2.189,0.74,us,us10005gwx,2016-07-20T18:10:55.040Z,"227km W of Port Orford, Oregon",earthquake,10.3,2,0.062,34,reviewed,us,us
2016-03-31T13:29:05.080Z,40.8396,-126.7769,11.5,3.1,ml,,281,2.065,0.72,us,us20005dnh,2017-02-10T06:34:28.741Z,"214km W of Ferndale, California",earthquake,14,16.7,0.095,4,reviewed,us,nc
2016-03-31T04:52:48.560Z,41.1825,-127.2883,9.01,2.8,ml,,251,2.464,0.63,us,us20005fv3,2016-06-10T23:32:58.040Z,"263km WNW of Ferndale, California",earthquake,12.8,9.1,0.069,28,reviewed,us,us
2016-03-31T04:49:30.700Z,41.1202,-127.175,8.23,2.9,ml,,257,2.38,0.73,us,us20005dld,2016-06-10T23:32:58.040Z,"252km WNW of Ferndale, California",earthquake,13.1,9.2,0.059,38,reviewed,us,us
2016-03-31T04:23:40.340Z,41.1377,-127.1573,10.18,2.8,ml,,224,2.366,0.83,us,us20005dl9,2016-06-10T23:32:58.040Z,"251km WNW of Ferndale, California",earthquake,11.8,8.3,0.06,36,reviewed,us,us
2016-03-30T19:47:45.150Z,40.9986,-127.1611,10,4.6,mb,,175,2.377,1.24,us,us20005dh8,2017-02-10T06:28:36.260Z,"248km WNW of Ferndale, California",earthquake,5,1.9,0.057,92,reviewed,us,us
2016-03-30T14:20:44.440Z,41.1046,-126.7299,10,2.7,ml,,274,2.045,0.93,us,us20005fm6,2016-06-10T23:32:58.040Z,"216km WNW of Ferndale, California",earthquake,11.3,2,0.055,44,reviewed,us,us
2016-03-06T11:50:45.010Z,42.9961667,-126.861,4.852,2.82,ml,19,295,1.844,0.42,uw,uw61113747,2016-07-22T20:03:46.220Z,off the coast of Oregon,earthquake,2.61,35.75,0.212,5,reviewed,uw,uw
2016-02-10T08:41:57.570Z,41.0922,-127.2914,8.17,3.4,ml,,179,2.469,0.93,us,us20004z8u,2016-04-19T01:33:28.040Z,"261km WNW of Ferndale, California",earthquake,9.1,5.8,0.049,54,reviewed,us,us
2016-01-30T00:30:52.570Z,41.0363,-127.3842,10,5,mww,,106,2.542,0.89,us,us20004vq9,2017-02-09T21:26:43.960Z,"268km WNW of Ferndale, California",earthquake,7.2,1.9,,,reviewed,us,us
2016-01-30T00:28:53.270Z,42.4613333,-126.7803333,4.63,3.93,ml,11,310,1.91,4.73,uw,uw61105502,2016-07-22T20:02:29.310Z,off the coast of Oregon,earthquake,53.16,31.61,0.131,11,reviewed,uw,uw
2016-01-30T00:28:41.960Z,40.9167,-127.2074,10,5.1,mww,,73,2.354,1.13,us,us20004vq3,2017-02-09T21:26:29.410Z,"251km W of Ferndale, California",earthquake,6.3,1.8,,,reviewed,us,us
2016-01-29T14:38:25.220Z,40.9316,-127.1335,12.92,3.2,ml,,282,2.348,0.7,us,us20004wuz,2016-04-14T22:51:33.040Z,"245km W of Ferndale, California",earthquake,11.7,10.4,0.055,44,reviewed,us,us
2016-01-29T14:06:40.890Z,40.9241,-127.2332,15.32,3.4,ml,,266,2.42,1.01,us,us20004via,2017-02-09T21:23:06.963Z,"253km W of Ferndale, California",earthquake,9.7,9.8,0.05,52,reviewed,us,us
2016-01-29T10:21:31.000Z,40.8348,-127.2047,10,4.1,mb,,106,2.383,1.19,us,us20004vhd,2017-02-09T21:21:54.409Z,"250km W of Ferndale, California",earthquake,5.9,1.9,0.131,16,reviewed,us,us
2016-01-29T10:08:59.830Z,41.0179,-127.4591,10,3.2,ml,,271,2.6,0.81,us,us20004wuv,2016-04-14T22:51:33.040Z,"274km WNW of Ferndale, California",earthquake,13.3,2,0.064,32,reviewed,us,us
2016-01-29T10:05:42.090Z,40.9027,-127.2796,10,3.2,ml,,211,2.451,1.11,us,us20004wua,2016-04-14T22:51:33.040Z,"257km W of Ferndale, California",earthquake,4.6,2,0.057,40,reviewed,us,us
2016-01-29T09:35:09.960Z,40.7634,-127.3127,10,4.1,mb,,194,2.455,1,us,us20004vh5,2017-02-09T21:21:14.366Z,"258km W of Ferndale, California",earthquake,9.1,2,0.144,13,reviewed,us,us
2016-01-28T09:22:14.400Z,40.8285,-127.194,10,4.3,mb,,180,2.374,1.47,us,us20004v9m,2017-02-09T21:14:35.960Z,"249km W of Ferndale, California",earthquake,5.1,1.9,0.134,16,reviewed,us,us
2016-01-25T17:11:14.600Z,40.7065,-126.7482,10,2.9,ml,,259,2.022,0.95,us,us20004uja,2017-02-09T20:58:03.124Z,"210km W of Ferndale, California",earthquake,5.6,2,0.05,52,reviewed,us,us
2016-01-09T13:44:32.570Z,42.291,-126.913,3.99,2.58,md,12,319,1.996,0.62,uw,uw61117876,2016-07-22T20:01:55.290Z,off the coast of Oregon,earthquake,7,31.61,0.087,5,reviewed,uw,uw
2015-12-12T02:22:47.770Z,42.9921667,-126.9256667,4.15,3.3,ml,16,299,2.036,0.78,uw,uw61111611,2016-07-22T20:01:23.220Z,off the coast of Oregon,earthquake,5.73,65.89,0.187,18,reviewed,uw,uw
2015-11-19T03:33:45.110Z,42.9786667,-126.789,16.83,3.25,ml,16,304,1.806,0.54,uw,uw61091692,2016-07-22T20:00:39.040Z,off the coast of Oregon,earthquake,2.87,38.09,0.131,5,reviewed,uw,uw
2015-10-23T16:52:42.690Z,40.8723333,-126.9433333,2.68,2.96,md,15,316,2.096,0.18,nc,nc72542575,2017-02-08T14:54:35.991Z,"228km W of Ferndale, California",earthquake,2.4,31.61,0.087,10,reviewed,nc,nc
2015-10-22T18:35:49.010Z,42.3911667,-126.9261667,3.82,2.57,md,14,306,2.337,0.83,uw,uw61082062,2016-07-22T19:59:17.000Z,off the coast of Oregon,earthquake,7.37,31.61,0.011,5,reviewed,uw,uw
2015-10-15T01:15:12.710Z,40.6453,-127.2007,11.91,3.1,md,,267,2.354,0.83,us,us10003pam,2017-02-08T13:21:54.633Z,"248km W of Ferndale, California",earthquake,9.5,9.5,0.137,16,reviewed,us,nc
2015-09-24T18:42:05.770Z,41.7291,-126.6908,10,2.7,ml,,245,2.096,0.93,us,us10003lf6,2015-12-28T23:08:38.040Z,"202km W of Brookings, Oregon",earthquake,3.7,2,0.069,28,reviewed,us,us
2015-09-13T14:13:40.440Z,42.9905,-126.936,-0.128,2.64,ml,17,296,1.881,0.98,uw,uw61064912,2016-07-22T19:57:23.950Z,off the coast of Oregon,earthquake,4.36,31.61,0.03,1,reviewed,uw,uw
2015-08-22T12:33:54.560Z,40.6404,-127.2633,14.55,4.4,mb,,205,2.4,0.96,us,us10003472,2017-02-08T08:42:44.602Z,"253km W of Ferndale, California",earthquake,9.3,7.8,0.148,13,reviewed,us,us
2015-08-14T06:41:31.900Z,41.2821,-127.1043,10,4.4,mb,,207,2.345,1.04,us,us10003271,2017-02-08T07:41:12.715Z,"247km WSW of Crescent City, California",earthquake,8.7,1.9,0.112,23,reviewed,us,us
2015-08-13T18:48:48.950Z,41.2922,-127.3103,10,4.5,mb,,174,2.484,1.37,us,us1000321k,2015-11-17T00:13:26.040Z,"264km W of Crescent City, California",earthquake,8.2,1.3,0.063,73,reviewed,us,us
2015-08-13T18:27:23.390Z,41.3844,-126.9374,10,3.8,mb,,220,2.189,1.39,us,us100035sx,2015-11-17T00:13:25.040Z,"231km W of Crescent City, California",earthquake,10.1,2,0.207,6,reviewed,us,us
2015-04-10T07:04:24.330Z,41.7687,-126.5961,10,2.5,ml,,240,1.821,0.87,us,us200025jr,2015-06-22T23:18:55.040Z,"193km WSW of Gold Beach, Oregon",earthquake,9.4,2,0.059,38,reviewed,us,us
2015-03-04T13:51:38.380Z,40.6706,-127.0117,11.67,3,md,,260,2.27,0.84,us,usc000tuxi,2017-02-07T08:52:54.581Z,"232km W of Ferndale, California",earthquake,9.3,9.8,0.113,13,reviewed,us,nc
2015-02-26T17:45:28.810Z,41.6995,-126.8291,10.64,2.5,ml,,224,2.008,0.23,us,usc000tuls,2015-05-19T00:28:44.040Z,"214km W of Brookings, Oregon",earthquake,12.2,5.1,0.085,18,reviewed,us,us
2015-02-26T16:13:31.700Z,41.792,-126.7413,13.4,4,mb,,236,1.921,1.77,us,usc000ttcu,2015-05-19T00:28:44.040Z,"203km WSW of Gold Beach, Oregon",earthquake,10.2,8.8,0.196,8,reviewed,us,us
2015-02-12T14:09:08.630Z,41.3941,-126.9719,11.04,2.8,ml,,263,2.501,1.46,us,usb000tqa7,2015-05-11T23:20:09.040Z,"234km W of Crescent City, California",earthquake,10,10.1,0.091,16,reviewed,us,us
2015-01-11T18:49:50.690Z,41.8069,-126.5622,10.64,2.5,ml,,258,1.787,1.06,us,usc000tibq,2015-04-10T18:56:36.040Z,"189km WSW of Gold Beach, Oregon",earthquake,9.6,10.3,0.071,26,reviewed,us,us
2015-01-06T11:12:18.890Z,42.676,-126.7963333,4.685,2.69,md,9,324,2.527,2.26,uw,uw60945337,2016-07-22T19:43:17.260Z,off the coast of Oregon,earthquake,27,31.61,0.048,5,reviewed,uw,uw
2014-12-23T00:37:22.010Z,41.8479,-126.8775,10,3.1,ml,,253,2.008,1.02,us,usc000t9at,2017-02-05T10:49:57.822Z,"212km WSW of Gold Beach, Oregon",earthquake,8.1,2,0.059,38,reviewed,us,us
2014-12-19T02:40:02.490Z,41.1093,-126.819,12.64,4.4,mb,,205,2.132,0.96,us,usc000t84t,2017-02-05T10:15:03.333Z,"223km WNW of Ferndale, California",earthquake,10.5,7.1,0.107,32,reviewed,us,us
2014-12-19T02:35:02.270Z,40.8417,-126.5622,6.71,3.6,mb,,255,1.921,0.93,us,usc000t84j,2017-02-05T10:14:57.984Z,"196km W of Ferndale, California",earthquake,11.3,13.2,0.353,7,reviewed,us,us
2014-12-19T01:53:05.680Z,41.2438,-127.3495,7.79,3.8,mb,,195,2.53,1.35,us,usc000tcs7,2015-03-06T02:59:02.040Z,"268km W of Crescent City, California",earthquake,10.9,6.4,0.359,3,reviewed,us,us
2014-12-19T01:42:30.370Z,41.0051,-127.3106,10,4.6,mwr,,208,2.493,0.92,us,usc000t84b,2017-02-05T10:14:15.349Z,"261km WNW of Ferndale, California",earthquake,8.9,2,0.089,12,reviewed,us,us
2014-12-08T10:00:26.000Z,42.9391667,-126.7821667,4.852,2.57,md,16,322,2.153,1.02,uw,uw60942606,2016-07-22T19:42:21.440Z,off the coast of Oregon,earthquake,6.83,31.61,0.075,4,reviewed,uw,uw
2014-11-18T14:08:11.620Z,42.8993333,-126.9311667,4.852,2.51,md,23,304,2.269,6.58,uw,uw60919367,2016-07-22T19:41:31.610Z,off the coast of Oregon,earthquake,43.36,31.61,0.035,3,reviewed,uw,uw
2014-11-17T18:32:07.540Z,41.2138,-127.544,10,3.2,md,,305,2.676,0.55,us,usb000t0hw,2017-02-05T04:59:36.985Z,"285km W of Crescent City, California",earthquake,5.5,2,0.118,23,reviewed,us,nc
2014-11-17T18:26:47.390Z,41.1376,-126.9482,10,3.3,md,,258,2.232,0.68,us,usc000sy6z,2017-02-05T04:59:31.704Z,"234km WNW of Ferndale, California",earthquake,4.4,2,0.164,34,reviewed,us,nc
2014-11-13T05:12:15.910Z,42.9031667,-126.6886667,3.864,2.59,md,12,307,2.343,1.96,uw,uw60914792,2016-07-22T19:41:12.880Z,off the coast of Oregon,earthquake,17.3,31.61,0.039,4,reviewed,uw,uw
2014-11-07T08:53:59.020Z,41.9143,-126.3465,24.2,3.2,ml,,281,1.607,1.38,us,usc000svbg,2017-02-05T02:43:39.687Z,"168km WSW of Gold Beach, Oregon",earthquake,8.3,2,0.224,14,reviewed,nc,nc
2014-11-06T19:32:20.690Z,42.259,-127.0427,10,3,ml,,221,2.092,0.8,us,usc000sv4b,2016-07-22T19:40:53.360Z,"216km W of Gold Beach, Oregon",earthquake,10.4,2,0.062,36,reviewed,us,us
2014-06-15T09:21:55.910Z,41.7197,-127.0215,10,3.2,md,,322,2.343,1.21,us,usc000rmju,2017-02-04T00:33:35.062Z,"228km WSW of Gold Beach, Oregon",earthquake,,2,0.156,22,reviewed,nc,nc
2014-06-12T20:48:10.740Z,41.5998,-126.9047,10,3.2,md,,312,2.243,0.48,us,usc000rlgu,2017-02-04T00:14:16.633Z,"223km WSW of Brookings, Oregon",earthquake,,2,0.12,27,reviewed,nc,nc
2014-05-25T06:22:08.550Z,42.4268333,-126.9208333,3.864,2.59,md,14,302,2.341,0.59,uw,uw60782957,2016-07-22T19:29:14.450Z,off the coast of Oregon,earthquake,4.38,31.61,0.064,7,reviewed,uw,uw
2014-05-15T11:57:07.370Z,41.1542,-127.1415,10,3.2,md,,320,2.233,0.92,us,usb000r28t,2017-02-03T19:58:57.845Z,"250km WNW of Ferndale, California",earthquake,,2,0.172,37,reviewed,nc,nc
2014-03-13T19:13:16.650Z,41.846,-126.88,10.16,4.6,mb,,88,2.01,1.02,us,usc000nnwk,2014-05-16T21:51:39.000Z,"212km WSW of Gold Beach, Oregon",earthquake,,4.2,0.097,36,reviewed,us,us
2014-03-13T19:11:34.640Z,41.9039,-126.8982,10,5.5,mww,,63,2.013,1.14,us,usc000nah5,2017-02-03T09:55:49.106Z,"212km WSW of Gold Beach, Oregon",earthquake,,1.8,,,reviewed,us,us
2014-03-05T18:40:12.000Z,42.4313333,-126.5541667,4.011,2.61,md,6,338,2.15,2.95,uw,uw60708227,2016-07-22T19:25:46.820Z,off the coast of Oregon,earthquake,46.99,31.61,0.054,3,reviewed,uw,uw
2014-03-05T18:25:28.560Z,42.2457,-126.7988,10,3.4,mb,,219,1.911,0.54,us,usc000nbgq,2016-07-22T19:25:46.590Z,"196km W of Gold Beach, Oregon",earthquake,,2,0.245,7,reviewed,us,us
2014-02-15T19:17:15.200Z,40.6464,-127.1811,10,3,ml,,261,2.4,0.67,us,usc000nfdf,2014-04-30T21:18:22.000Z,"246km W of Ferndale, California",earthquake,,2,0.081,22,reviewed,us,us
2014-01-31T00:15:28.300Z,41.716,-126.9267,16.7,2.8,ml,,306,2.075,0.74,us,usc000mmqm,2017-02-03T00:46:18.081Z,"221km WSW of Gold Beach, Oregon",earthquake,,9.2,0.18,7,reviewed,nc,nc
2014-01-30T11:42:58.720Z,41.8817,-127.0407,10,3,ml,,273,2.122,0.66,us,usc000mdkd,2014-04-08T01:43:17.000Z,"224km WSW of Gold Beach, Oregon",earthquake,,2,0.085,20,reviewed,us,us
2014-01-30T10:34:40.490Z,41.8603,-126.9358,8.01,3,ml,,217,2.049,1.16,us,usc000mqk1,2014-04-08T01:43:17.000Z,"216km WSW of Gold Beach, Oregon",earthquake,,8.6,0.077,24,reviewed,us,us
2014-01-30T00:02:55.660Z,41.8692,-126.8385,10,4.7,mb,,171,1.976,0.87,us,usc000mdbk,2017-02-03T00:36:35.783Z,"208km WSW of Gold Beach, Oregon",earthquake,,1.9,0.07,66,reviewed,us,us
2013-12-31T00:08:45.080Z,42.832,-126.8108333,4.016,2.67,md,11,317,2.633,0.4,uw,uw60663661,2016-07-22T19:21:51.060Z,off the coast of Oregon,earthquake,5.35,31.61,,2,reviewed,uw,uw
2013-12-04T17:24:59.450Z,42.9633333,-126.8351667,4.182,2.58,md,13,304,1.839,0.5,uw,uw60644576,2016-07-22T19:20:24.120Z,off the coast of Oregon,earthquake,4.23,31.61,0.075,4,reviewed,uw,uw
2013-12-01T13:54:33.500Z,41.7405,-127.0315,10,3.1,ml,,295,2.138,1.25,us,usb000l8sp,2017-02-02T01:32:35.670Z,"228km WSW of Gold Beach, Oregon",earthquake,,5.8,0.1,,reviewed,nc,nc
2013-12-01T13:27:13.370Z,41.7388,-126.9102,10,3,ml,,292,2.057,1.32,us,usb000l8s8,2017-02-02T01:32:25.311Z,"218km WSW of Gold Beach, Oregon",earthquake,,1.9,0.113,,reviewed,nc,nc
2013-12-01T13:22:04.960Z,41.901,-126.74,10.85,2.9,ml,,200,1.897,1.48,us,usb000lbwr,2014-02-12T01:08:40.000Z,"199km WSW of Gold Beach, Oregon",earthquake,,8.1,0.059,,reviewed,us,us
2013-12-01T13:19:23.790Z,41.7012,-126.949,10.55,3,ml,,202,2.094,1.14,us,usb000l8s4,2017-02-02T01:32:19.789Z,"223km WSW of Gold Beach, Oregon",earthquake,,3.1,0.1,,reviewed,us,nc
2013-12-01T10:03:06.200Z,41.7545,-127.0623,5,3.1,md,,298,2.165,1.07,us,usc000lh6e,2017-02-02T01:30:53.554Z,"230km WSW of Gold Beach, Oregon",earthquake,,9.4,0.2,,reviewed,nc,nc
2013-12-01T03:19:38.090Z,41.6832,-126.8781,10.09,5.5,mww,,46,2.047,0.94,us,usb000l8n7,2017-02-02T01:28:54.370Z,"218km WSW of Gold Beach, Oregon",earthquake,,2.5,,,reviewed,us,us
2013-12-01T02:39:17.600Z,41.6425,-126.9877,10,4.2,mb,,313,2.138,0.86,us,usb000l8mu,2017-02-02T01:28:32.861Z,"228km WSW of Gold Beach, Oregon",earthquake,,4,0.095,,reviewed,nc,us
2013-11-13T12:37:10.300Z,41.7797,-126.6566,10,3.2,ml,,245,1.862,1.25,us,usb000kwu2,2017-02-01T23:02:03.548Z,"197km WSW of Gold Beach, Oregon",earthquake,,2,0.056,,reviewed,us,us
2013-11-13T12:17:43.070Z,41.7462,-126.9528,10,4,mb,,252,2.085,0.97,us,usb000kwtp,2017-02-01T23:01:57.142Z,"221km WSW of Gold Beach, Oregon",earthquake,,2,0.232,,reviewed,us,us
2013-11-13T12:12:48.550Z,41.7636,-127.1539,10,2.9,ml,,266,2.228,0.72,us,usb000kwtk,2014-01-31T21:22:18.000Z,"237km WSW of Gold Beach, Oregon",earthquake,,2,0.062,,reviewed,us,us
2013-11-04T05:57:16.140Z,41.0454,-127.2203,10,4.6,mb,,179,2.262,1.2,us,usb000ks9r,2017-02-01T21:28:48.894Z,"254km WNW of Ferndale, California",earthquake,,1.8,0.078,,reviewed,us,us
2013-11-03T05:58:46.490Z,41.1556,-127.1922,10,3.8,mb,,246,2.27,1.13,us,usb000krxc,2017-02-01T21:21:07.505Z,"255km WNW of Ferndale, California",earthquake,,2,0.253,,reviewed,us,us
2013-11-01T06:13:15.520Z,41.0897,-127.4181,7.99,3,ml,,255,2.418,0.97,us,usb000kqti,2017-02-01T21:02:55.493Z,"272km WNW of Ferndale, California",earthquake,,8.7,0.069,,reviewed,us,us
2013-09-03T08:53:03.070Z,42.8399,-126.7683,10,2.6,ml,,293,1.79,0.51,us,usb000k7mz,2016-07-22T19:16:28.300Z,"186km W of Port Orford, Oregon",earthquake,,2,0.097,,reviewed,us,us
2013-08-19T00:27:41.600Z,41.802,-126.7927,5,4.3,mwr,,302,1.949,1.44,us,usb000j66m,2017-02-01T09:12:57.789Z,"207km WSW of Gold Beach, Oregon",earthquake,,4.2,0.056,,reviewed,nc,us
2013-05-20T14:07:58.540Z,41.472,-127.064,10,4.4,mb,104,198.5,,1.22,us,usb000gzse,2017-01-31T17:05:44.453Z,"239km WSW of Brookings, Oregon",earthquake,,,,35,reviewed,us,us
2013-05-20T13:56:30.340Z,41.391,-127.001,10,4.2,mb,44,191.5,,0.93,us,usb000gzrs,2014-11-07T01:50:51.243Z,"236km W of Crescent City, California",earthquake,,,,9,reviewed,us,us
2013-05-20T13:34:02.070Z,41.145,-127.423,10,2.9,ml,16,219.8,,1.15,us,us2013qkex,2014-11-07T01:50:51.240Z,"273km WNW of Ferndale, California",earthquake,,0,,,reviewed,us,us
2013-05-20T13:23:43.630Z,41.277,-127.252,10,4.2,mb,75,177.5,,0.91,us,usb000gzru,2014-11-07T01:50:51.219Z,"260km W of Crescent City, California",earthquake,,,,24,reviewed,us,us
2013-05-20T13:20:53.180Z,41.364,-127.352,8.9,4.3,mb,85,190,,1.39,us,usb000gzrl,2014-11-07T01:50:51.212Z,"266km W of Crescent City, California",earthquake,,27.5,,21,reviewed,us,us
2013-05-20T13:19:30.680Z,41.323,-127.117,10,4.2,mb,42,176.9,,0.63,us,usb000gzqd,2014-11-07T01:50:51.208Z,"247km W of Crescent City, California",earthquake,,,,11,reviewed,us,us
2013-05-20T13:12:44.040Z,41.375,-127.392,10,4.3,mb,119,175.7,,1.44,us,usb000gzrk,2017-01-31T17:05:10.318Z,"269km W of Crescent City, California",earthquake,,,,32,reviewed,us,us
2013-05-20T13:10:57.220Z,41.121,-127.324,10,3.1,ml,22,215.8,,1.14,us,us2013qkew,2014-11-07T01:50:51.194Z,"265km WNW of Ferndale, California",earthquake,,,,,reviewed,us,us
2013-05-20T13:06:14.630Z,41.489,-126.974,10,2.9,ml,31,206.9,,1.24,us,us2013qkev,2014-11-07T01:50:51.190Z,"232km W of Crescent City, California",earthquake,,0,,,reviewed,us,us
2012-12-19T13:58:21.440Z,40.679,-127.214,10,4.2,mb,33,212.2,,0.86,us,usp000jx59,2014-11-07T01:49:37.813Z,off the coast of Northern California,earthquake,,,,1,reviewed,us,us
2012-11-03T01:52:23.680Z,43.0238333,-126.856,4.936,2.65,md,23,327,2.607,0.7,uw,uw60483916,2016-07-22T19:02:50.850Z,off the coast of Oregon,earthquake,4.83,31.61,,1,reviewed,uw,uw
2012-10-31T13:00:15.010Z,41.798,-127.048,10,4.2,mb,43,209,,0.99,us,usp000juuj,2014-11-07T01:49:12.305Z,off the coast of Northern California,earthquake,,,,4,reviewed,us,us
2012-10-26T14:18:20.090Z,42.041,-126.895,10,3.3,ml,76,183.6,,1.23,us,usp000jufk,2014-11-07T01:49:08.906Z,off the coast of Oregon,earthquake,,,,,reviewed,us,us
2012-10-14T01:23:44.770Z,42.9273333,-126.9268333,4.934,2.54,md,26,284,2.23,0.75,uw,uw60464047,2016-07-22T19:02:04.180Z,off the coast of Oregon,earthquake,14.19,19.28,0.098,5,reviewed,uw,uw
2012-09-17T04:43:56.620Z,42.4043333,-126.6721667,3.104,2.67,md,8,316,2.157,0.23,uw,uw60452767,2016-07-22T19:00:52.660Z,off the coast of Oregon,earthquake,2.62,31.61,0.049,5,reviewed,uw,uw
2012-09-17T01:35:24.700Z,42.4003333,-126.4291667,3.864,2.57,md,17,302,1.982,0.5,uw,uw60452722,2016-07-22T19:00:50.940Z,off the coast of Oregon,earthquake,5.63,31.61,0.074,9,reviewed,uw,uw
2012-09-09T12:35:13.350Z,42.4563333,-126.8841667,4.869,2.57,md,12,313,2.284,1.57,uw,uw60449842,2016-07-22T19:00:31.170Z,off the coast of Oregon,earthquake,20.33,31.61,0.035,4,reviewed,uw,uw
2012-08-22T23:43:21.080Z,42.464,-126.694,10,2.8,ml,28,236.8,,1.24,us,usp000jqmr,2014-11-07T01:48:36.631Z,off the coast of Oregon,earthquake,,,,,reviewed,us,us
2012-05-04T21:55:49.920Z,42.0898333,-126.7095,3.99,2.51,md,18,288,1.851,0.45,uw,uw60399067,2016-07-22T18:11:17.430Z,off the coast of Oregon,earthquake,1.8,38.77,0.211,9,reviewed,uw,uw
2012-04-17T19:23:28.300Z,43.0236667,-126.8771667,4.182,2.56,md,14,309,1.873,0.5,uw,uw60410071,2016-07-22T18:10:38.370Z,off the coast of Oregon,earthquake,5.07,42.83,0.112,5,reviewed,uw,uw
2012-03-13T10:07:02.200Z,42.11,-126.819,10,4.2,mb,96,184.8,,1.27,us,usp000jg5y,2015-03-24T01:27:14.717Z,off the coast of Oregon,earthquake,,,,22,reviewed,us,us
2012-02-07T04:16:07.380Z,42.984,-126.362,10,3.2,ml,53,193,,1.23,us,usp000jemg,2016-07-22T18:07:51.790Z,off the coast of Oregon,earthquake,,,,,reviewed,us,us
2012-02-04T19:08:14.740Z,42.845,-127.997,10,2.6,md,17,287.2,,1.39,us,usp000jeg6,2016-07-22T18:07:46.900Z,off the coast of Oregon,earthquake,,,,,reviewed,us,sea
2012-01-13T06:04:39.120Z,41.98,-126.822,10,2.8,ml,23,205.1,,0.91,us,usp000jde5,2014-11-07T01:46:46.781Z,off the coast of Northern California,earthquake,,,,,reviewed,us,us
2012-01-05T11:41:06.500Z,41.032,-127.178,5,3.2,md,50,205.4,,,us,usp000jd2r,2017-01-26T19:04:13.596Z,off the coast of Northern California,earthquake,,,,,reviewed,nc,nc
2011-12-04T15:56:45.490Z,42.776,-127.838,10,3.5,ml,62,247,,0.94,us,usp000jbts,2014-11-07T01:46:31.024Z,off the coast of Oregon,earthquake,,,,,reviewed,us,us
2011-11-22T01:02:22.090Z,42.165,-127.078,10,4.1,mb,34,203.9,,1.31,us,usp000jb84,2014-11-07T01:46:23.659Z,off the coast of Oregon,earthquake,,,,7,reviewed,us,us
2011-09-18T14:38:08.960Z,40.642,-127.29,10,2.8,ml,14,279,,1.09,us,usp000j88h,2014-11-07T01:45:55.175Z,off the coast of Northern California,earthquake,,,,,reviewed,us,us
2011-09-18T13:33:25.810Z,40.68,-126.958,10,2.6,ml,15,270.5,,0.83,us,usp000j88e,2017-01-25T06:30:11.411Z,off the coast of Northern California,earthquake,,,,,reviewed,us,us
2011-08-28T02:20:13.190Z,41.8121667,-127.0565,20.82,3.42,md,16,295,2.144,0.27,nc,nc71628745,2017-01-25T03:04:19.830Z,off the coast of Northern California,earthquake,7.92,12.79,0.203,36,reviewed,nc,nc
2011-06-18T10:49:11.370Z,41.88,-126.997,10,5.2,mwc,244,112.7,,1.3,us,usp000j3cc,2017-01-24T16:28:14.170Z,off the coast of Northern California,earthquake,,,,,reviewed,us,gcmt
2011-06-18T02:41:16.170Z,41.879,-126.831,10,4.2,mb,79,202.6,,1.33,us,usp000j3br,2017-01-24T16:26:51.049Z,off the coast of Northern California,earthquake,,,,21,reviewed,us,us
2011-04-14T01:34:39.800Z,40.737,-126.402,10,4.4,mb,56,205.9,,0.93,us,usp000hzwx,2017-01-24T08:17:51.293Z,off the coast of Northern California,earthquake,,,,6,reviewed,us,us
2011-04-12T01:12:05.580Z,42.34,-126.887,10,4.2,mb,41,245.2,,1.26,us,usp000hzsu,2016-07-22T17:40:25.360Z,off the coast of Oregon,earthquake,,,,9,reviewed,us,us
2011-03-25T23:19:03.730Z,42.61,-126.65,10,4.4,mb,183,163.2,,1.18,us,usp000hykw,2016-07-22T17:39:16.730Z,off the coast of Oregon,earthquake,,,,59,reviewed,us,us
2011-03-25T03:59:02.040Z,42.656,-126.604,10,3,ml,15,218.4,,1.09,us,usp000hyhs,2016-07-22T17:39:14.970Z,off the coast of Oregon,earthquake,,,,,reviewed,us,us
2011-03-20T20:41:42.380Z,42.648,-126.635,10,3.2,ml,14,221.2,,1.06,us,usp000hy3f,2016-07-22T17:38:59.620Z,off the coast of Oregon,earthquake,,,,,reviewed,us,us
2011-02-21T17:00:06.310Z,41.2323333,-126.8431667,4.92,3.22,md,10,313,2.254,0.06,nc,nc71048369,2017-01-24T01:04:38.306Z,off the coast of Northern California,earthquake,0.97,31.61,0.044,6,reviewed,nc,nc
2011-02-21T16:59:55.000Z,41.175,-127.136,5,3.1,md,16,195.2,,,us,usp000huv9,2017-01-24T01:04:33.352Z,off the coast of Northern California,earthquake,,,,,reviewed,nc,nc
2010-11-27T21:02:54.020Z,40.876,-127.319,10,4.2,mb,45,196.5,,1.02,us,usp000hq7m,2017-01-23T08:19:31.848Z,off the coast of Northern California,earthquake,,,,5,reviewed,us,us
2010-10-13T10:50:23.890Z,41.936,-127.038,10,4.8,mwc,113,128.8,,1.24,us,usp000hn20,2017-01-23T03:15:30.400Z,off the coast of Northern California,earthquake,,,,,reviewed,us,gcmt
2010-08-16T16:19:11.000Z,41.346,-126.662,23.2,3.3,md,7,318.8,,,us,usp000hja8,2017-01-22T20:48:42.365Z,off the coast of Northern California,earthquake,,,,,reviewed,nc,nc
2010-07-04T00:51:51.310Z,43.024,-127.086,10,2.5,ml,10,276.1,,0.77,us,usp000heve,2016-07-22T17:09:06.830Z,off the coast of Oregon,earthquake,,,,,reviewed,us,us
2010-05-15T08:20:37.630Z,41.4596667,-126.9626667,8.99,3.36,md,8,308,2.177,0.13,nc,nc71398406,2017-01-22T09:28:41.180Z,off the coast of Northern California,earthquake,1.53,31.61,0.28,23,reviewed,nc,nc
2010-05-14T19:33:03.560Z,42.248,-126.394,10,4,mb,102,206.1,,1.34,us,usp000hcrw,2016-07-14T01:18:17.390Z,off the coast of Oregon,earthquake,,,,15,reviewed,us,us
2010-05-14T19:10:25.380Z,42.24,-126.454,10,4,mb,88,171.6,,1.4,us,usp000hcrv,2014-11-07T01:41:29.324Z,off the coast of Oregon,earthquake,,,,12,reviewed,us,us
2010-05-13T05:35:12.200Z,42.263,-126.499,10,5.3,mwc,273,106.4,,1.22,us,usp000hcpr,2016-11-10T02:28:09.924Z,off the coast of Oregon,earthquake,,,,,reviewed,us,gcmt
2010-05-02T00:24:24.100Z,42.744,-127.668,10,2.5,ml,12,313.5,,0.38,us,usp000hc6c,2014-11-07T01:41:24.965Z,off the coast of Oregon,earthquake,,,,,reviewed,us,us
2010-04-15T10:10:33.710Z,40.6336667,-126.6478333,9.622,2.87,md,13,303,1.766,0.25,nc,nc71382486,2017-01-22T05:57:48.056Z,off the coast of Northern California,earthquake,14.03,31.61,0.157,14,reviewed,nc,nc
2010-03-06T02:23:12.360Z,40.6886667,-127.0021667,6.172,2.96,md,17,303,2.039,0.14,nc,nc71359280,2017-01-22T00:51:08.439Z,off the coast of Northern California,earthquake,8.12,7.76,0.157,19,reviewed,nc,nc
